<?xml version="1.0"?>
<container><testcase id="1763"><file path="000/001/763/bad.com/bad.txt" language="PHP"/></testcase><testcase id="1942"><file path="000/001/942/bdd.sql" language="PHP"/></testcase><testcase id="1769"><file path="000/001/769/bad.com/hop.js" language="PHP"/></testcase><testcase id="1768"><file path="000/001/768/bad.com/bad.txt" language="PHP"/></testcase><testcase id="1939"><file path="000/001/939/xss_lod2.phps" language="PHP"><flaw line="18" name="CWE-079: Failure to Sanitize Directives in a Web Page (Cross-site scripting XSS)"/><flaw line="17" name="CWE-079: Failure to Sanitize Directives in a Web Page (Cross-site scripting XSS)"/></file></testcase><testcase id="1940"><file path="000/001/940/sql_lod0.phps" language="PHP"><flaw line="39" name="CWE-089: Failure to Sanitize Data within SQL Queries (SQL injection)"/></file></testcase><testcase id="1951"><file path="000/001/951/error.inc" language="PHP"/></testcase><testcase id="1763"><file path="000/001/763/victim.com/links.inc" language="PHP"/><file path="000/001/763/victim.com/php_Include.php.txt" language="PHP"><flaw line="24" name="CWE-098: Insufficient Control of Filename for Include/Require Statement in PHP Program (PHP File Inclusion)"/></file></testcase><testcase id="1937"><file path="000/001/937/xss_lod0.phps" language="PHP"><flaw line="5" name="CWE-079: Failure to Sanitize Directives in a Web Page (Cross-site scripting XSS)"/></file></testcase><testcase id="1769"><file path="000/001/769/victim.com/xss.php.txt" language="PHP"><flaw line="38" name="CWE-079: Failure to Sanitize Directives in a Web Page (Cross-site scripting XSS)"/></file></testcase><testcase id="1949"><file path="000/001/949/file_lod1.phps" language="PHP"><flaw line="14" name="CWE-098: Insufficient Control of Filename for Include/Require Statement in PHP Program (PHP File Inclusion)"/></file></testcase><testcase id="1938"><file path="000/001/938/xss_lod1.phps" language="PHP"><flaw line="21" name="CWE-079: Failure to Sanitize Directives in a Web Page (Cross-site scripting XSS)"/><flaw line="19" name="CWE-079: Failure to Sanitize Directives in a Web Page (Cross-site scripting XSS)"/></file></testcase><testcase id="1763"><file path="000/001/763/victim.com/index.inc" language="PHP"/></testcase><testcase id="1768"><file path="000/001/768/victim.com/error.inc" language="PHP"/></testcase><testcase id="1949"><file path="000/001/949/error.inc" language="PHP"/><file path="000/001/949/file.inc" language="PHP"/></testcase><testcase id="1950"><file path="000/001/950/file_lod2.phps" language="PHP"><flaw line="28" name="CWE-098: Insufficient Control of Filename for Include/Require Statement in PHP Program (PHP File Inclusion)"/></file></testcase><testcase id="1768"><file path="000/001/768/victim.com/php_Include_fixed.php.txt" language="PHP"><flaw name="CWE-098: Insufficient Control of Filename for Include/Require Statement in PHP Program (PHP File Inclusion)"/></file></testcase><testcase id="1940"><file path="000/001/940/bdd.sql" language="PHP"/></testcase><testcase id="1769"><file path="000/001/769/bad.com/getCookie.php.txt" language="PHP"/></testcase><testcase id="1948"><file path="000/001/948/file_lod0.phps" language="PHP"><flaw line="12" name="CWE-098: Insufficient Control of Filename for Include/Require Statement in PHP Program (PHP File Inclusion)"/></file></testcase><testcase id="1768"><file path="000/001/768/victim.com/index.inc" language="PHP"/></testcase><testcase id="1941"><file path="000/001/941/bdd.sql" language="PHP"/></testcase><testcase id="1951"><file path="000/001/951/file_lod3.phps" language="PHP"><flaw line="30" name="CWE-098: Insufficient Control of Filename for Include/Require Statement in PHP Program (PHP File Inclusion)"/></file></testcase><testcase id="1941"><file path="000/001/941/sql_lod1.phps" language="PHP"><flaw line="57" name="CWE-089: Failure to Sanitize Data within SQL Queries (SQL injection)"/><flaw line="50" name="CWE-089: Failure to Sanitize Data within SQL Queries (SQL injection)"/></file></testcase><testcase id="1950"><file path="000/001/950/file.inc" language="PHP"/></testcase><testcase id="1948"><file path="000/001/948/file.inc" language="PHP"/></testcase><testcase id="1942"><file path="000/001/942/sql_lod2.phps" language="PHP"><flaw line="60" name="CWE-089: Failure to Sanitize Data within SQL Queries (SQL injection)"/><flaw line="52" name="CWE-089: Failure to Sanitize Data within SQL Queries (SQL injection)"/></file></testcase><testcase id="1768"><file path="000/001/768/victim.com/links.inc" language="PHP"/></testcase><testcase id="1951"><file path="000/001/951/file.inc" language="PHP"/></testcase><testcase id="1950"><file path="000/001/950/error.inc" language="PHP"/></testcase></container>
